first_name,last_name,username,email,password
Catlee,Bletsoe,cbletsoe0,cbletsoe0@hexun.com,VXwhy0TNulmt
Glenine,Loynes,gloynes1,gloynes1@scribd.com,SVooTJ0C
Monah,Sudell,msudell2,msudell2@unesco.org,SsRxAnIrq
Garnet,Biskup,gbiskup3,gbiskup3@rediff.com,CLRpQWGM
Fredrick,Thorwarth,fthorwarth4,fthorwarth4@cbsnews.com,T5AEZEvlUBWv
Byram,Birts,bbirts5,bbirts5@posterous.com,2g7s6dA
Orren,Perrin,operrin6,operrin6@tripadvisor.com,rhuzWEefB
Randy,Barbey,rbarbey7,rbarbey7@cdc.gov,PJzLtSDhNKKb
Dee,Attaway,dattaway8,dattaway8@springer.com,dDwTWTeVvr
Berry,Karpinski,bkarpinski9,bkarpinski9@ask.com,uyRn9JRMF
Helene,Sire,hsirea,hsirea@vk.com,hiFA0Wu
Curran,Holtaway,choltawayb,choltawayb@ezinearticles.com,nqfgFBmK
Leonie,Cleminson,lcleminsonc,lcleminsonc@reverbnation.com,84GBCktuACp
Bethany,Spilstead,bspilsteadd,bspilsteadd@bandcamp.com,2J7FbIVooa0
Renie,Colafate,rcolafatee,rcolafatee@bing.com,pdLmOLeTgI
Penelopa,Timmens,ptimmensf,ptimmensf@yandex.ru,Ozt1Vo
Haroun,Pacey,hpaceyg,hpaceyg@mysql.com,Lk96U7QN
Elfrieda,Avey,eaveyh,eaveyh@163.com,MFjggYNEv
Abagail,Verick,avericki,avericki@cbsnews.com,0KU2X6Fx1BOA
Aridatha,French,afrenchj,afrenchj@technorati.com,BMueMZi
Elna,Shoard,eshoardk,eshoardk@surveymonkey.com,r39rFtH
Nita,Bishell,nbishelll,nbishelll@harvard.edu,Bg21Vita
Tatiana,Tighe,ttighem,ttighem@biglobe.ne.jp,qiyDgSkcT6
Jobina,Lonsdale,jlonsdalen,jlonsdalen@elpais.com,5RePFEkW
Avictor,Lomb,alombo,alombo@yahoo.com,VbfFMH7gNWf
Isidro,Laver,ilaverp,ilaverp@google.com.au,OP9ghSyiDKhV
Homer,Swindells,hswindellsq,hswindellsq@businesswire.com,YZd5H6
Adoree,Rawe,arawer,arawer@guardian.co.uk,MvMSAG
Corry,Nell,cnells,cnells@cnet.com,mJSoB0hQlK
Bryon,Sommersett,bsommersettt,bsommersettt@amazon.de,njvOFNz4j0
Clarette,MacCrosson,cmaccrossonu,cmaccrossonu@economist.com,2jL4glGw
Valle,Sydenham,vsydenhamv,vsydenhamv@joomla.org,1bLgYO9cRRw
Adoree,Yurocjkin,ayurocjkinw,ayurocjkinw@blog.com,SAMqJ4BxFUkW
Obidiah,Gaiger,ogaigerx,ogaigerx@dell.com,9vep1C
Nikola,Stubs,nstubsy,nstubsy@elpais.com,0huDZRusqf
Averyl,Blackford,ablackfordz,ablackfordz@mayoclinic.com,MLDbj0rO
Lolita,D'Agostini,ldagostini10,ldagostini10@webnode.com,7UecHBfH0
Ursola,Fayer,ufayer11,ufayer11@google.pl,uKwynP
Cathrine,Le Fleming,clefleming12,clefleming12@un.org,ZXQChuwvrR
Emelina,Harefoot,eharefoot13,eharefoot13@bloglovin.com,wgfuNg
Dare,Weagener,dweagener14,dweagener14@biglobe.ne.jp,MMSQESs5PfU
Horacio,Jochens,hjochens15,hjochens15@tinyurl.com,AycVvvvGw4ov
Neale,Uff,nuff16,nuff16@intel.com,4qT3SXRLQp
Hakim,Cluely,hcluely17,hcluely17@wikimedia.org,wDDzd47HjSJm
Antonietta,Titchener,atitchener18,atitchener18@cpanel.net,caUThn
Bernardina,Bayston,bbayston19,bbayston19@prlog.org,FSI269GvA
Broddie,Priddle,bpriddle1a,bpriddle1a@wikispaces.com,xBeFlp7OBHPE
Henrie,Turley,hturley1b,hturley1b@nationalgeographic.com,GVN7aa
Aloysia,Trever,atrever1c,atrever1c@mediafire.com,flgi2ufLp
Savina,Burnup,sburnup1d,sburnup1d@cafepress.com,aIpQ0iWgOvq
Tandy,Bartoletti,tbartoletti1e,tbartoletti1e@chronoengine.com,SLQpeS
Sully,Le Gassick,slegassick1f,slegassick1f@usda.gov,Vo13sHz
Gerianna,Gowman,ggowman1g,ggowman1g@t-online.de,XhTZW0HTdxWs
Allyce,Pinsent,apinsent1h,apinsent1h@europa.eu,68os6BA
Margarete,Londors,mlondors1i,mlondors1i@csmonitor.com,XXhIuDj56j4Q
Tanner,Vogeller,tvogeller1j,tvogeller1j@cdc.gov,rsSMBVxRLcU
Lonna,Gaddes,lgaddes1k,lgaddes1k@chicagotribune.com,hUAgNSBDNE
Zebulen,Sisselot,zsisselot1l,zsisselot1l@plala.or.jp,vKQe0q
Dorris,Mosedale,dmosedale1m,dmosedale1m@unc.edu,7OAvM1Kw54
Britney,Soff,bsoff1n,bsoff1n@a8.net,odAZ2e
Kordula,Boyan,kboyan1o,kboyan1o@wikipedia.org,3VIeHb
Henrietta,Anderer,handerer1p,handerer1p@constantcontact.com,gzueALI8kS
Sean,Cana,scana1q,scana1q@msu.edu,440pDhdu
Devin,Houlridge,dhoulridge1r,dhoulridge1r@nasa.gov,O3GhWHBh
Dmitri,Paulazzi,dpaulazzi1s,dpaulazzi1s@dot.gov,GSN0UTkE6
Katy,Naden,knaden1t,knaden1t@issuu.com,Ld6BNgNyM0
Carmela,Buzin,cbuzin1u,cbuzin1u@livejournal.com,beIKZc5Y2
Zebulon,Brewin,zbrewin1v,zbrewin1v@quantcast.com,euhFXyd
Krystyna,Troake,ktroake1w,ktroake1w@scientificamerican.com,qCdi1l
Matthiew,MacCosto,mmaccosto1x,mmaccosto1x@microsoft.com,vN5CVRX37N
Genevra,Lindsey,glindsey1y,glindsey1y@state.tx.us,l1ADvY2AfVyF
Daphna,Matijevic,dmatijevic1z,dmatijevic1z@bigcartel.com,dPePEdP
Vivianne,Conybear,vconybear20,vconybear20@cloudflare.com,GkBneo2w
Benny,Champe,bchampe21,bchampe21@example.com,LgX7t9
Ashla,Bluett,abluett22,abluett22@google.co.jp,D9q2y6msdd7A
Robinet,Meech,rmeech23,rmeech23@is.gd,iJcksmW
Welbie,Goozee,wgoozee24,wgoozee24@berkeley.edu,q12SZd
Shea,Emanueli,semanueli25,semanueli25@vistaprint.com,JAJxRCPtsA
Albertine,Daenen,adaenen26,adaenen26@digg.com,3hxk3tWgBs
Wren,Beauvais,wbeauvais27,wbeauvais27@cornell.edu,Hp3VHr0F5IZr
Drucie,Blakeley,dblakeley28,dblakeley28@quantcast.com,Ux0PVnST
George,Berthouloume,gberthouloume29,gberthouloume29@nba.com,OXJjiXL6xjls
Fredericka,Esson,fesson2a,fesson2a@about.me,RNNYxGF7MSy
Evangelia,Storkes,estorkes2b,estorkes2b@home.pl,CRA5QvwClQ
Ana,Dunford,adunford2c,adunford2c@yahoo.com,7N16nkyN
Melony,Borer,mborer2d,mborer2d@salon.com,0BCwTcqdM4f
Tressa,Fairbairn,tfairbairn2e,tfairbairn2e@nydailynews.com,7TnDVUj
Karena,Winterson,kwinterson2f,kwinterson2f@telegraph.co.uk,g9iMdGtsm
Malinda,Wimmers,mwimmers2g,mwimmers2g@e-recht24.de,dB9X0C7U0
Randy,McKee,rmckee2h,rmckee2h@smh.com.au,hG19u9
Wendeline,Dommett,wdommett2i,wdommett2i@google.it,gcrI8xxauBt
Jarrid,Shelborne,jshelborne2j,jshelborne2j@usda.gov,8w4lk8Q0AA
Tan,Tresler,ttresler2k,ttresler2k@thetimes.co.uk,rW5Axaa0ihqB
Ondrea,Osorio,oosorio2l,oosorio2l@vistaprint.com,UffAKZqgybi
Kylila,Runnacles,krunnacles2m,krunnacles2m@instagram.com,JE3hII
Murray,Kibbye,mkibbye2n,mkibbye2n@so-net.ne.jp,ZOLIQf
Dwight,Fetherstonhaugh,dfetherstonhaugh2o,dfetherstonhaugh2o@hugedomains.com,v2mOGVr
Scotti,Pester,spester2p,spester2p@reddit.com,hEv5IixQA89R
Elaine,Etuck,eetuck2q,eetuck2q@sun.com,6C23EKylGsQM
Delcina,Pakes,dpakes2r,dpakes2r@bigcartel.com,sCyIoLjF
Bari,Yong,byong2s,byong2s@answers.com,fvGOf8wbx
Alexi,Dmiterko,admiterko2t,admiterko2t@biblegateway.com,bmggED
Orelie,Lynett,olynett2u,olynett2u@miitbeian.gov.cn,UmpTw4NQg
Marisa,O'Haire,mohaire2v,mohaire2v@ucsd.edu,UHmqkv
Gardner,Sabattier,gsabattier2w,gsabattier2w@livejournal.com,WsBhIjZE1cP
Ronnie,Kob,rkob2x,rkob2x@spiegel.de,nZvnzgN5m4
Prescott,Groarty,pgroarty2y,pgroarty2y@amazon.com,J3SmY2SaV
Rosamond,Jeannet,rjeannet2z,rjeannet2z@techcrunch.com,qc3jG3OI0i
Anson,Vigrass,avigrass30,avigrass30@seesaa.net,tc0KjaeSdPot
Jami,Lantiff,jlantiff31,jlantiff31@tmall.com,VmPBVAtll5MS
Franz,Burger,fburger32,fburger32@noaa.gov,KHaH97wzo
Garwin,Verrill,gverrill33,gverrill33@netscape.com,L56SxuqzR
Phil,Lamb-shine,plambshine34,plambshine34@nyu.edu,Lxe7Ntk7Kx2q
Elenore,Forgie,eforgie35,eforgie35@dropbox.com,ASSnpNloka
Egor,Slimm,eslimm36,eslimm36@squarespace.com,H7lAXsj4d
Patty,Highton,phighton37,phighton37@barnesandnoble.com,hLxVA13p
Gloria,Nulty,gnulty38,gnulty38@ox.ac.uk,EgR0Pw
Bride,McClounan,bmcclounan39,bmcclounan39@netvibes.com,CYnt9IoSkWWw
Kathleen,Rolse,krolse3a,krolse3a@topsy.com,NIxwchtS
Waly,Dennitts,wdennitts3b,wdennitts3b@tumblr.com,Vabdjh
Flynn,Castenda,fcastenda3c,fcastenda3c@google.pl,uO5m3q
Gwenny,Winser,gwinser3d,gwinser3d@reference.com,BztMYaxNO
Blancha,Faier,bfaier3e,bfaier3e@hatena.ne.jp,eEX3FOXJ
Tuckie,Croston,tcroston3f,tcroston3f@blogspot.com,2VSHEwy4S22
Obie,Cayzer,ocayzer3g,ocayzer3g@dailymail.co.uk,NwvoCP
Fay,Overlow,foverlow3h,foverlow3h@apache.org,0y1ISGE0
Geneva,Febvre,gfebvre3i,gfebvre3i@163.com,TcdrgvWLu
Lorianne,Lillicrop,llillicrop3j,llillicrop3j@jalbum.net,7WytmQKp
Richmound,Mithun,rmithun3k,rmithun3k@jimdo.com,G8opRi
Gertie,Eynald,geynald3l,geynald3l@yahoo.com,rxKjvVX7A
Una,Goligly,ugoligly3m,ugoligly3m@unc.edu,q902do
Jervis,Beechcraft,jbeechcraft3n,jbeechcraft3n@networkadvertising.org,r036bgE
Flemming,Romain,fromain3o,fromain3o@umich.edu,i1VHCKaQ
Marlena,Mogridge,mmogridge3p,mmogridge3p@woothemes.com,I6FmqZMjQoDO
Cynthea,Picton,cpicton3q,cpicton3q@printfriendly.com,HUI0OxecB
Jonell,Farnell,jfarnell3r,jfarnell3r@t-online.de,7Fg3xA
Valenka,Le Gallo,vlegallo3s,vlegallo3s@slate.com,3nwPb1ap
Lind,Males,lmales3t,lmales3t@reference.com,TgAFKkE
Giffer,Bellin,gbellin3u,gbellin3u@desdev.cn,l78PTTuE
Perry,Jinkinson,pjinkinson3v,pjinkinson3v@fotki.com,AM5DzLmdslM
Ragnar,McFall,rmcfall3w,rmcfall3w@arstechnica.com,ezMMWPY
Tracy,Dalley,tdalley3x,tdalley3x@guardian.co.uk,2R8B2RkF
Madelin,Hackelton,mhackelton3y,mhackelton3y@hao123.com,LzPGvHrxTC4
Dara,Pristnor,dpristnor3z,dpristnor3z@fc2.com,jZXN78GUL
Tabina,Dumbelton,tdumbelton40,tdumbelton40@apache.org,H5l8coqsX
Raimundo,Briggdale,rbriggdale41,rbriggdale41@hp.com,bNSnNFfqG
Cheryl,Howsan,chowsan42,chowsan42@chronoengine.com,Qm8CVBsjY3Rh
Editha,Wybron,ewybron43,ewybron43@house.gov,b8eHfTOFOPj1
Kingston,Hebblethwaite,khebblethwaite44,khebblethwaite44@surveymonkey.com,IV7pNVP64q7K
Godfree,Petford,gpetford45,gpetford45@hhs.gov,DTozw5tAmFN
Samantha,Holdren,sholdren46,sholdren46@springer.com,FfeItI
Gina,Swan,gswan47,gswan47@seattletimes.com,D53xLVniOQ
Sara,Hastler,shastler48,shastler48@noaa.gov,RYeUNY
Garnette,Kynman,gkynman49,gkynman49@nytimes.com,85Ea2O8
Leontyne,Moncur,lmoncur4a,lmoncur4a@house.gov,uCEk8NrXVMt
Bjorn,Itscovitz,bitscovitz4b,bitscovitz4b@acquirethisname.com,m7Y2cd
Tades,Pengelly,tpengelly4c,tpengelly4c@ft.com,3BTxaYkb4zk
Mercie,Tournay,mtournay4d,mtournay4d@reddit.com,nAI5U3SXigd
Eleanore,Blatchford,eblatchford4e,eblatchford4e@mashable.com,Ta1DXdv
Hasty,Al Hirsi,halhirsi4f,halhirsi4f@cnbc.com,gBGyMujg
Aymer,Ruusa,aruusa4g,aruusa4g@home.pl,uZihzdWv7ns
Nicolea,Sertin,nsertin4h,nsertin4h@deliciousdays.com,MFx05hQLJSxI
Verene,Holburn,vholburn4i,vholburn4i@arstechnica.com,0ZQjG2h9
Cyndy,Carrabott,ccarrabott4j,ccarrabott4j@nytimes.com,j2rxbOwd7vpi
Corbett,Monkeman,cmonkeman4k,cmonkeman4k@feedburner.com,aSEpkt
Gard,Hinnerk,ghinnerk4l,ghinnerk4l@networksolutions.com,oVOrGNzr0D
Fallon,Shaddock,fshaddock4m,fshaddock4m@disqus.com,owkSO9VIGfa
Ingrid,Sides,isides4n,isides4n@phpbb.com,snkTwCI
Stacey,Jeffries,sjeffries4o,sjeffries4o@dmoz.org,L5RwWfSC
Jobye,Croote,jcroote4p,jcroote4p@who.int,TwGUSLRb28
Thaddeus,Bergen,tbergen4q,tbergen4q@creativecommons.org,7E0sV0
Inigo,Glynn,iglynn4r,iglynn4r@uol.com.br,W2q5Smh0vq
Eachelle,Sherrock,esherrock4s,esherrock4s@slashdot.org,NMOADPUPsd
Rickie,Choldcroft,rcholdcroft4t,rcholdcroft4t@1688.com,UsqHXt
Hertha,Birtwhistle,hbirtwhistle4u,hbirtwhistle4u@cloudflare.com,ZGsfY8SVRXe
Boy,Perrottet,bperrottet4v,bperrottet4v@nytimes.com,AyBvpEigq2R
Eleanora,Pfertner,epfertner4w,epfertner4w@latimes.com,yg5T94FHfvD
Wendeline,Courteney,wcourteney4x,wcourteney4x@mysql.com,kRsAB5
Jerome,Potticary,jpotticary4y,jpotticary4y@umich.edu,pxAriSbBp
Almira,Ashwell,aashwell4z,aashwell4z@newyorker.com,ibopb999Gg
Chaim,Oherlihy,coherlihy50,coherlihy50@taobao.com,9E9TYoIL4XSB
Rachelle,De Mattia,rdemattia51,rdemattia51@tamu.edu,2679TuIQxZV
Gabbie,Bellew,gbellew52,gbellew52@howstuffworks.com,ssMwt00a
Heida,Bassindale,hbassindale53,hbassindale53@woothemes.com,lQJwnRWk8jIR
Mark,Moyle,mmoyle54,mmoyle54@jigsy.com,lFmH3pD0
Skippy,Tourry,stourry55,stourry55@arizona.edu,SNvbSLYyBU
Arlinda,De Winton,adewinton56,adewinton56@thetimes.co.uk,p18fHN64b0Xs
Iormina,Rachuig,irachuig57,irachuig57@etsy.com,lKzZwD
Sharl,Kilbane,skilbane58,skilbane58@addtoany.com,sfwjRdbuWxbS
Dominique,Hadrill,dhadrill59,dhadrill59@who.int,8ZpOXX8
Jeramey,Braven,jbraven5a,jbraven5a@narod.ru,aAOpv1T
Florence,Perrigo,fperrigo5b,fperrigo5b@examiner.com,TAlgnkNq
Des,Hammarberg,dhammarberg5c,dhammarberg5c@over-blog.com,YD6Y2tRrVs
Redford,Beacroft,rbeacroft5d,rbeacroft5d@craigslist.org,AP3MhUrLwJ8
Veronika,Jacomb,vjacomb5e,vjacomb5e@pinterest.com,mPHKXYoh
Erwin,Conkay,econkay5f,econkay5f@vistaprint.com,oNPyXnKP
Brian,Fidoe,bfidoe5g,bfidoe5g@qq.com,PeKxloqOFx
Jeanelle,Mandeville,jmandeville5h,jmandeville5h@freewebs.com,22eHU9qpt0f
Renaud,Zannotelli,rzannotelli5i,rzannotelli5i@sina.com.cn,i6WH7Uqq
Syd,Poile,spoile5j,spoile5j@huffingtonpost.com,OMFs6wQiAJ2t
Wylma,Caistor,wcaistor5k,wcaistor5k@ted.com,hiQOi2K3a6L
Angie,Callander,acallander5l,acallander5l@cnbc.com,4Pxg1u
Robina,Oger,roger5m,roger5m@xinhuanet.com,lcDeD7
Orv,Mocker,omocker5n,omocker5n@telegraph.co.uk,av0C9KsPMLA
Asia,Beesley,abeesley5o,abeesley5o@mysql.com,mdY2s2fw0ET
Moishe,Wisker,mwisker5p,mwisker5p@prnewswire.com,NszeXEXBU7R
Isaac,Robertot,irobertot5q,irobertot5q@businessinsider.com,hM2K1K
Westleigh,de Castelain,wdecastelain5r,wdecastelain5r@admin.ch,v70vFptX8sfx
Joey,Quinnelly,jquinnelly5s,jquinnelly5s@netlog.com,30b1mMx
Finley,Molson,fmolson5t,fmolson5t@cbsnews.com,AA1T63
Jon,Cuttles,jcuttles5u,jcuttles5u@usa.gov,6C03g7euwirt
Quinta,Calderonello,qcalderonello5v,qcalderonello5v@mayoclinic.com,8Pv4zUrfz
Chris,Leggett,cleggett5w,cleggett5w@a8.net,YL4eS9B
Terrence,Allicock,tallicock5x,tallicock5x@timesonline.co.uk,nq1uj3a
Shandee,Katte,skatte5y,skatte5y@discuz.net,LivbOtxVYE
Kitty,Grubb,kgrubb5z,kgrubb5z@comcast.net,98Gv0tLlZ1
Aida,Caffin,acaffin60,acaffin60@flickr.com,CmCTN0
Caleb,Rudgerd,crudgerd61,crudgerd61@springer.com,1BhWLTS
Mickie,Boise,mboise62,mboise62@java.com,AQTEGJ
Duane,Minto,dminto63,dminto63@ning.com,wttRFaQbx
Corey,Bywater,cbywater64,cbywater64@washingtonpost.com,O97a0cKlHRGp
Mikol,Rosenwasser,mrosenwasser65,mrosenwasser65@youku.com,d6U2KmnDQ
Isidore,Chew,ichew66,ichew66@about.me,rpORtyo
Olimpia,Pietron,opietron67,opietron67@canalblog.com,y1cc3tdGuDC
Gipsy,Rosson,grosson68,grosson68@salon.com,sXHYcV2G
Lauren,Orviss,lorviss69,lorviss69@theglobeandmail.com,RwuSvzai6i
Cosette,Senett,csenett6a,csenett6a@rediff.com,aMxToDl7l
Philomena,McNicol,pmcnicol6b,pmcnicol6b@go.com,hEm6jpU
Nathan,Murrock,nmurrock6c,nmurrock6c@archive.org,QTkt3hnrgHTz
Tillie,Ludlamme,tludlamme6d,tludlamme6d@elegantthemes.com,VNIgTp
Honey,McNess,hmcness6e,hmcness6e@cyberchimps.com,3XBBoaK9rmO
Clem,Thames,cthames6f,cthames6f@gmpg.org,wy4b3Kw0SGx
Ladonna,Bleibaum,lbleibaum6g,lbleibaum6g@nba.com,wB7FjZP
Corly,Verlinden,cverlinden6h,cverlinden6h@123-reg.co.uk,tmFDh2RO79d
Charlot,Halloway,challoway6i,challoway6i@spotify.com,ieefGTh25Oyv
Tomkin,Habens,thabens6j,thabens6j@thetimes.co.uk,wM7SYACo2Ue
Burl,Bockin,bbockin6k,bbockin6k@seesaa.net,MwTAEGEqo
Oona,Carryer,ocarryer6l,ocarryer6l@nih.gov,077beiobYg
Clotilda,Eaton,ceaton6m,ceaton6m@mit.edu,S8pSjyr7M3sK
Courtney,Cullotey,ccullotey6n,ccullotey6n@lulu.com,FDOPqwSoH5
Florance,Batham,fbatham6o,fbatham6o@slideshare.net,KO4sAd
Zarla,Harron,zharron6p,zharron6p@engadget.com,oquM9m
Rhody,Cesconi,rcesconi6q,rcesconi6q@typepad.com,AJz0IBU
Emilia,Bray,ebray6r,ebray6r@mtv.com,TESXNnLq
Olivier,Spriggs,ospriggs6s,ospriggs6s@networkadvertising.org,zZQi7j9s
Yank,Lenoir,ylenoir6t,ylenoir6t@engadget.com,6nTtbZ
Olenka,Moseby,omoseby6u,omoseby6u@icio.us,gY2OInUuloYC
Britta,Pideon,bpideon6v,bpideon6v@cbslocal.com,QwUZcw18WDk
Min,Greenside,mgreenside6w,mgreenside6w@wufoo.com,NUxSHJgqzf
Rosie,Greenhall,rgreenhall6x,rgreenhall6x@dot.gov,UXnDePbIZ
Marcelo,Marrill,mmarrill6y,mmarrill6y@phpbb.com,9dnODItQ9
Kali,Laville,klaville6z,klaville6z@elegantthemes.com,I4VvHuwO
Em,Impett,eimpett70,eimpett70@ovh.net,zwuUQOyPK
Ingmar,Toohey,itoohey71,itoohey71@house.gov,Nwf1hRyC
Amity,Fitzer,afitzer72,afitzer72@technorati.com,GwsxSPyxjtm
Devonna,Jeratt,djeratt73,djeratt73@slate.com,dxG9Al
Darelle,Walkinshaw,dwalkinshaw74,dwalkinshaw74@nhs.uk,pjwsVLX
Gerianna,Sikora,gsikora75,gsikora75@wisc.edu,QMTyBw
Ilsa,Bleakley,ibleakley76,ibleakley76@hugedomains.com,8abABx4d
Winni,Sheaf,wsheaf77,wsheaf77@acquirethisname.com,IGmlMz
Modesta,Baroche,mbaroche78,mbaroche78@yellowpages.com,1DMYqV1bp7GE
Roch,Tabourier,rtabourier79,rtabourier79@ft.com,C0K3FYsE5k
Suellen,Garwill,sgarwill7a,sgarwill7a@cnet.com,7P81UPOMK
Eleanor,Rustman,erustman7b,erustman7b@trellian.com,NwUPlPezP
Davita,Eberlein,deberlein7c,deberlein7c@com.com,X6Gbyd
Irwinn,Jacobsen,ijacobsen7d,ijacobsen7d@forbes.com,e7WZe9ciTezx
Amalia,Pitson,apitson7e,apitson7e@hhs.gov,gRFhPQyLI7
Aretha,Targe,atarge7f,atarge7f@moonfruit.com,nI5XXArKKX
Gerek,Ollivier,gollivier7g,gollivier7g@blog.com,Q0JgQAPN
Wilmette,McGready,wmcgready7h,wmcgready7h@sfgate.com,doGjod70Sf
Tyrone,Wilcock,twilcock7i,twilcock7i@earthlink.net,aOoaCmyQnK
Jacklin,Kordova,jkordova7j,jkordova7j@dedecms.com,Xxn51Ua5
Mellie,Ewenson,mewenson7k,mewenson7k@house.gov,BkV9E6
Hewe,Evensden,hevensden7l,hevensden7l@drupal.org,XMdmSZ575Q
Marietta,Ormerod,mormerod7m,mormerod7m@mysql.com,Dsdiyg
Cleon,Kerwick,ckerwick7n,ckerwick7n@microsoft.com,mSXc93B
Shawn,Anmore,sanmore7o,sanmore7o@friendfeed.com,RZkGRHO7
Hubie,Raund,hraund7p,hraund7p@who.int,uruw9U
Wilfrid,Huggon,whuggon7q,whuggon7q@spiegel.de,x5CVF3
Lanie,Lehrer,llehrer7r,llehrer7r@thetimes.co.uk,BuZtIReRIx
Joel,Gladwin,jgladwin7s,jgladwin7s@miitbeian.gov.cn,Y4lYEpRKoNoT
Rebekkah,McRonald,rmcronald7t,rmcronald7t@angelfire.com,VYkHyl
Lu,Peto,lpeto7u,lpeto7u@wordpress.com,VBsDYR5zDAU
Waverly,Klimkowski,wklimkowski7v,wklimkowski7v@whitehouse.gov,W98fntgt3vV
Darrel,Maasz,dmaasz7w,dmaasz7w@tripod.com,wpzu5g6lKYf
Estella,Fermoy,efermoy7x,efermoy7x@wikispaces.com,D3gCTU64Okz
Lindon,Lettuce,llettuce7y,llettuce7y@topsy.com,YNYDxYPW2
Lyman,Breach,lbreach7z,lbreach7z@github.com,QO8GGnz5QN9
Idalina,Mawhinney,imawhinney80,imawhinney80@blogspot.com,a0utPe
Beckie,Bauldry,bbauldry81,bbauldry81@wired.com,l67Tlb
Kenny,MacKenney,kmackenney82,kmackenney82@flavors.me,ZEe0iUA6e
Marci,Keech,mkeech83,mkeech83@networkadvertising.org,JID1Kb
Kirstyn,Charlson,kcharlson84,kcharlson84@deviantart.com,yTWcRZ8iT
Lin,Rayman,lrayman85,lrayman85@weather.com,tgJbXi8Q69
Beatrix,Baudet,bbaudet86,bbaudet86@fema.gov,4oLBrsfmj342
Sim,Flohard,sflohard87,sflohard87@netscape.com,46RSiqZjVo
Davita,Jeeves,djeeves88,djeeves88@howstuffworks.com,9TSmGCeI4t
Olivia,Whyborne,owhyborne89,owhyborne89@pen.io,pAPmGaJpV
Jammie,Witcherley,jwitcherley8a,jwitcherley8a@deliciousdays.com,ER0X7Rxxzmn
Guglielma,Valek,gvalek8b,gvalek8b@joomla.org,2sUB40zOg
Corrine,Durno,cdurno8c,cdurno8c@gizmodo.com,JcZOnSmh
Kayle,Luckcuck,kluckcuck8d,kluckcuck8d@europa.eu,IXBDrhOt
Gardy,Bruno,gbruno8e,gbruno8e@storify.com,Yx6wmBl
Katya,Cromblehome,kcromblehome8f,kcromblehome8f@4shared.com,kEALFns
Caroline,Webermann,cwebermann8g,cwebermann8g@intel.com,TsLtIWzy5Wp
Orlan,Ebbage,oebbage8h,oebbage8h@walmart.com,YFJeFvx
Blithe,Kidde,bkidde8i,bkidde8i@vistaprint.com,FoDFFwDBf
Flemming,Mannion,fmannion8j,fmannion8j@facebook.com,WYB3gAoH4xdg
Kiel,Blackadder,kblackadder8k,kblackadder8k@ustream.tv,OM5Iheuna5Su
Electra,Noke,enoke8l,enoke8l@behance.net,cZC6jOvZH
Tracey,Tillot,ttillot8m,ttillot8m@list-manage.com,PJdqR7z7
Boniface,Bytheway,bbytheway8n,bbytheway8n@stumbleupon.com,hwokWxL
Hatty,Hannaby,hhannaby8o,hhannaby8o@hud.gov,EtTMqDX
Dalton,Mewton,dmewton8p,dmewton8p@dagondesign.com,4PYqiCQ
Winnah,Farquar,wfarquar8q,wfarquar8q@flavors.me,cs0kLX3NKiu
Andrei,McIlenna,amcilenna8r,amcilenna8r@yelp.com,mXr8M1c
Allistir,Carhart,acarhart8s,acarhart8s@jimdo.com,EPtMJ9MCxml2
Ronna,Winham,rwinham8t,rwinham8t@bizjournals.com,Aeh7Rio
Costa,Cockshutt,ccockshutt8u,ccockshutt8u@github.com,fju2JVkUJChi
Denney,Feavyour,dfeavyour8v,dfeavyour8v@zdnet.com,WFGnq3EsVuHz
Phylys,Pearmain,ppearmain8w,ppearmain8w@cnbc.com,Z96IQz95H8
Adolpho,Pendrigh,apendrigh8x,apendrigh8x@cdc.gov,WHhs6ZEiqDs
Simone,Duignan,sduignan8y,sduignan8y@dmoz.org,ReXl6gzOj
Christophorus,Aird,caird8z,caird8z@purevolume.com,LcoCwPqBsh
Reube,Sare,rsare90,rsare90@auda.org.au,oaoWWN
Penny,Bingham,pbingham91,pbingham91@usnews.com,Z7xz0R
Gerry,Boulter,gboulter92,gboulter92@smh.com.au,NB2CJ6LZm
Konstantine,Edmondson,kedmondson93,kedmondson93@godaddy.com,MmpXXnbo
Ulrich,Cherrison,ucherrison94,ucherrison94@cpanel.net,1j66Km
Christalle,Radborn,cradborn95,cradborn95@accuweather.com,yz7HGsfgBW
Nikaniki,Pooley,npooley96,npooley96@bandcamp.com,gX8edbP
Olivero,Rawsthorne,orawsthorne97,orawsthorne97@indiegogo.com,fP1qMqOm9lD
Margeaux,Figure,mfigure98,mfigure98@ocn.ne.jp,xJwgOp1nAbtA
Vergil,Godbold,vgodbold99,vgodbold99@answers.com,lep8CERg
Ollie,Jennings,ojennings9a,ojennings9a@goodreads.com,uRyBozfs1
Odelinda,Ruckert,oruckert9b,oruckert9b@nydailynews.com,8sTZ3IRpyBhC
Leese,Giacobini,lgiacobini9c,lgiacobini9c@wufoo.com,ZuCXvh
Fredrika,Blenkin,fblenkin9d,fblenkin9d@biglobe.ne.jp,h236ld
Burke,Cabena,bcabena9e,bcabena9e@census.gov,Z8E4K6vSD
Cher,Crone,ccrone9f,ccrone9f@java.com,4ffGUzXwW3Y
Agnese,Dable,adable9g,adable9g@linkedin.com,VzkzP2BGHF2
Allissa,Sadler,asadler9h,asadler9h@dot.gov,SxkHNq9
Bunny,Simonnet,bsimonnet9i,bsimonnet9i@phoca.cz,hQCdWO85E3
Flss,Dutch,fdutch9j,fdutch9j@ameblo.jp,gJuXgF
Reagen,Lidgely,rlidgely9k,rlidgely9k@friendfeed.com,8tz0jBVmj
Arleyne,Slark,aslark9l,aslark9l@amazonaws.com,CWyem3OZNs7K
Olenolin,Benzies,obenzies9m,obenzies9m@businessinsider.com,vYQAIz
Aurlie,Elwell,aelwell9n,aelwell9n@barnesandnoble.com,GGCS7cV6KD
Rhea,Laverack,rlaverack9o,rlaverack9o@eepurl.com,0yAWxz
Leonanie,Lyddiatt,llyddiatt9p,llyddiatt9p@theguardian.com,7QzNJD
Deborah,Wrangle,dwrangle9q,dwrangle9q@51.la,ZUgDYn
Elton,Rooze,erooze9r,erooze9r@accuweather.com,xztGHhw
Sherilyn,Seydlitz,sseydlitz9s,sseydlitz9s@economist.com,Tu2e49Alc
Adelheid,Tomlett,atomlett9t,atomlett9t@nature.com,jCyW9Udf
Patty,McAmish,pmcamish9u,pmcamish9u@is.gd,INdwlwVR
Dotty,Veillard,dveillard9v,dveillard9v@va.gov,Ad1jzibRU
Francesca,Fidoe,ffidoe9w,ffidoe9w@omniture.com,lhscz2
Sherlocke,Worsom,sworsom9x,sworsom9x@newsvine.com,62wg5ejIevzR
Addia,Jacobovitch,ajacobovitch9y,ajacobovitch9y@elegantthemes.com,86u0u4nKaAS
Ezra,Duddell,eduddell9z,eduddell9z@google.es,tZhwGPflIM8
Blinni,Jenne,bjennea0,bjennea0@telegraph.co.uk,TI2Sel
Eilis,Pierse,epiersea1,epiersea1@ca.gov,RqyY3PdY
Cullin,Muro,cmuroa2,cmuroa2@omniture.com,gL9mEyWNRQB
Farly,Brannigan,fbrannigana3,fbrannigana3@mapquest.com,LlUai2WGmF
Randy,Hein,rheina4,rheina4@shareasale.com,Llt0xYx6
Edythe,Beckinsale,ebeckinsalea5,ebeckinsalea5@intel.com,lHJtIw1k
Raoul,Hoodlass,rhoodlassa6,rhoodlassa6@vimeo.com,nmQOsC0u
Hastings,Durman,hdurmana7,hdurmana7@so-net.ne.jp,QorJ7NjXHH8
Leanor,Brettle,lbrettlea8,lbrettlea8@sciencedaily.com,vCXR0lfa
Jared,Scotland,jscotlanda9,jscotlanda9@blogtalkradio.com,jUOzHCJcIq
Valeria,Sonschein,vsonscheinaa,vsonscheinaa@hao123.com,NEsghnqdbR1q
Leslie,Gerrill,lgerrillab,lgerrillab@epa.gov,X5kgGitevr
Ailina,Rusk,aruskac,aruskac@home.pl,PD7fMeZfn1
Obadias,Lippatt,olippattad,olippattad@umich.edu,xEmmAeBUQP
Bobina,Lowey,bloweyae,bloweyae@devhub.com,y0lXhx33wW
Roldan,Smewings,rsmewingsaf,rsmewingsaf@squarespace.com,HF7ZIan5t
Gar,Capoun,gcapounag,gcapounag@weather.com,9M7XNS04Lslo
Simonette,Barens,sbarensah,sbarensah@nydailynews.com,vCNMW7W
Amaleta,Ducarne,aducarneai,aducarneai@liveinternet.ru,htlzY1ukY
Sheelagh,Scrimshaw,sscrimshawaj,sscrimshawaj@ftc.gov,YfaAw4git
Maren,West,mwestak,mwestak@newsvine.com,f2LuvhH
Lilas,Forrest,lforrestal,lforrestal@sphinn.com,1fVeZm
Liam,Clothier,lclothieram,lclothieram@stumbleupon.com,9aF5tWioh4KX
Tudor,Chaloner,tchaloneran,tchaloneran@mediafire.com,vpmXG6hc9y
Mildred,Weatherhogg,mweatherhoggao,mweatherhoggao@people.com.cn,81ERBssm
Lindsay,Zaple,lzapleap,lzapleap@youtu.be,dyoIOGu7h
Darrel,Cowpe,dcowpeaq,dcowpeaq@com.com,Ui4gbUuaDF
Whittaker,Lukianov,wlukianovar,wlukianovar@globo.com,bISENTPbtG
Marysa,Petofi,mpetofias,mpetofias@merriam-webster.com,8xFeszspJr
Etty,Sime,esimeat,esimeat@amazon.de,Ho1TrYP
Kayle,Wildey,kwildeyau,kwildeyau@exblog.jp,EoDYTIy6p833
Gregoire,Stigell,gstigellav,gstigellav@cyberchimps.com,mSjyaot5mPO
Cynthie,Osgorby,cosgorbyaw,cosgorbyaw@marketwatch.com,SpYi8coJ
Jamil,De Beauchemp,jdebeauchempax,jdebeauchempax@4shared.com,XA0po8rRq
Josephina,Barkhouse,jbarkhouseay,jbarkhouseay@ow.ly,qGeNVjTs
Sibelle,Bettison,sbettisonaz,sbettisonaz@surveymonkey.com,bsvBi8IS4U
Pip,Iori,piorib0,piorib0@cocolog-nifty.com,FNlSalg
Alanson,Cogdon,acogdonb1,acogdonb1@sourceforge.net,0Y4IhBNEL7T
Berny,Lourenco,blourencob2,blourencob2@bigcartel.com,ebS9QNIz
Hillery,Gookey,hgookeyb3,hgookeyb3@gmpg.org,DHpr3Jdo
Casi,Bannard,cbannardb4,cbannardb4@accuweather.com,ac8JxEU
Casar,Watters,cwattersb5,cwattersb5@icio.us,owAdQl7FuKB
Chelsey,Betun,cbetunb6,cbetunb6@typepad.com,fVa3ryARd4
Sydelle,Dewing,sdewingb7,sdewingb7@4shared.com,J433NZ
Gayle,Stoppe,gstoppeb8,gstoppeb8@etsy.com,CWYWVADluD
Melitta,Maloney,mmaloneyb9,mmaloneyb9@w3.org,DmiusF
Linn,Liebermann,lliebermannba,lliebermannba@deviantart.com,itZbnmd
Rosie,MacGilmartin,rmacgilmartinbb,rmacgilmartinbb@oakley.com,ouhI1nqGVC
Essy,Valadez,evaladezbc,evaladezbc@desdev.cn,bCInJANqGnz
Dalia,Cassell,dcassellbd,dcassellbd@google.co.uk,sKbfL1BFhAzi
Fallon,Band,fbandbe,fbandbe@deliciousdays.com,oiuy0Uc8L27
Jarrett,Featherston,jfeatherstonbf,jfeatherstonbf@nytimes.com,YLJgcRUhpe
Arlee,Casier,acasierbg,acasierbg@squarespace.com,4BE0mozM
Pavlov,MacKenzie,pmackenziebh,pmackenziebh@geocities.com,ePNVmN3cEf
Sol,Toner,stonerbi,stonerbi@feedburner.com,UkxiVA3NT8UQ
Minette,Pochet,mpochetbj,mpochetbj@wufoo.com,3OSRqs9Q
Kenna,Slator,kslatorbk,kslatorbk@blog.com,K7kWaYE3jmE
Cornelia,Sackur,csackurbl,csackurbl@google.es,VGcjqnxWvAi
Harlin,Windebank,hwindebankbm,hwindebankbm@msu.edu,7NDMeHNW
Karlyn,Ambrogetti,kambrogettibn,kambrogettibn@amazon.com,pZPv25NXGgIW
Carce,Thundercliffe,cthundercliffebo,cthundercliffebo@adobe.com,irEAwtSeFjs
Yorke,Durbyn,ydurbynbp,ydurbynbp@disqus.com,KgnoYJ6mrp
Heda,Rowlstone,hrowlstonebq,hrowlstonebq@hhs.gov,Tfd52M8FZG
Augustus,Van Dalen,avandalenbr,avandalenbr@imdb.com,zv3cQrHOnZnU
Lishe,Dumelow,ldumelowbs,ldumelowbs@imageshack.us,MMjzVVLmAT
Barnett,Willerstone,bwillerstonebt,bwillerstonebt@istockphoto.com,wgcL7gip
Grantham,Facher,gfacherbu,gfacherbu@patch.com,6Ti68C
Carly,Cockaday,ccockadaybv,ccockadaybv@clickbank.net,7jVfR8ije0n7
Sullivan,Hounson,shounsonbw,shounsonbw@usgs.gov,tGg5Bp
Thia,Phython,tphythonbx,tphythonbx@twitter.com,m8u9Inl
Xever,Deegin,xdeeginby,xdeeginby@nifty.com,KFcTf4qd0
Stephine,MacCaghan,smaccaghanbz,smaccaghanbz@independent.co.uk,YTnTUX8
Gordy,Calcott,gcalcottc0,gcalcottc0@addtoany.com,pffrzs1HxP8
Stacy,Keppel,skeppelc1,skeppelc1@digg.com,m6Z1dTLBGO7m
Erl,Burgett,eburgettc2,eburgettc2@globo.com,fyQxeYQgaPg9
Odette,Braz,obrazc3,obrazc3@networksolutions.com,Urktp3
Engelbert,Adair,eadairc4,eadairc4@epa.gov,B8cB27
Launce,Braddon,lbraddonc5,lbraddonc5@dedecms.com,kzjm9nuyRGg
Worthington,Ferrolli,wferrollic6,wferrollic6@imageshack.us,cLhQVpoAeaI
Lovell,Bauser,lbauserc7,lbauserc7@imageshack.us,kOLXqRLl
Harold,McRobb,hmcrobbc8,hmcrobbc8@blog.com,X899cVQbiW2D
Barde,Ludlamme,bludlammec9,bludlammec9@indiegogo.com,2nZ4hi9X
Farlay,MacGorman,fmacgormanca,fmacgormanca@imgur.com,pl58Br9wA
Laurens,Dulanty,ldulantycb,ldulantycb@privacy.gov.au,GniQKMcSF
Yul,McLleese,ymclleesecc,ymclleesecc@deliciousdays.com,WUGnPZ6WPFCn
Mellie,Mounfield,mmounfieldcd,mmounfieldcd@lulu.com,sAFZpy
Judy,Baterip,jbateripce,jbateripce@toplist.cz,ngT0A5PdXSr
Lilias,Berfoot,lberfootcf,lberfootcf@auda.org.au,YYaImG
Nikolas,Macon,nmaconcg,nmaconcg@angelfire.com,xEsgzDF
Devy,Verrell,dverrellch,dverrellch@google.pl,J7vDges7znw
Willa,Willson,wwillsonci,wwillsonci@springer.com,orCCeEPf
Christye,Cattow,ccattowcj,ccattowcj@home.pl,UZzAcMb1fS
Michele,Grix,mgrixck,mgrixck@cbslocal.com,wquJUaqai
Lydon,Laing,llaingcl,llaingcl@aol.com,Zhjys894x9n
Sonny,Cowhig,scowhigcm,scowhigcm@vkontakte.ru,TYhmfnAk
Tiffany,Tungay,ttungaycn,ttungaycn@shutterfly.com,viUknVx1EoIs
Randell,Grumell,rgrumellco,rgrumellco@ca.gov,cfE8YQeTK
Lorene,Doret,ldoretcp,ldoretcp@engadget.com,MWr6PBDcvTQW
Modesty,Bloxham,mbloxhamcq,mbloxhamcq@squidoo.com,aqlyIR3uQ
Juliann,Smowton,jsmowtoncr,jsmowtoncr@google.com.br,OxH8HLM
Elysia,Burehill,eburehillcs,eburehillcs@freewebs.com,UbwbUs
Harlen,Shambrook,hshambrookct,hshambrookct@un.org,FTdOYGNT
Ellene,Ivankin,eivankincu,eivankincu@npr.org,MLZQyM
Sofie,Brunroth,sbrunrothcv,sbrunrothcv@berkeley.edu,t4fR2kbyb
Bree,Fleg,bflegcw,bflegcw@foxnews.com,9JgfKxMtVby
Meade,Terrey,mterreycx,mterreycx@fema.gov,pUhBTyUIJj
Claribel,Ryding,crydingcy,crydingcy@wp.com,tKAqZXgRwCwf
Lanette,Firbanks,lfirbankscz,lfirbankscz@shop-pro.jp,qHOIGf
Pablo,Marcu,pmarcud0,pmarcud0@cbsnews.com,p7ZQnTeIvN
Maribeth,Alyutin,malyutind1,malyutind1@qq.com,YGFqx7rWuyE9
Maurice,McCadden,mmccaddend2,mmccaddend2@gizmodo.com,ryPGfn
Gaston,Genner,ggennerd3,ggennerd3@archive.org,MT14KUj
Guthrie,MacMarcuis,gmacmarcuisd4,gmacmarcuisd4@prlog.org,gQ8eFX
Bartram,Josselson,bjosselsond5,bjosselsond5@bigcartel.com,qPmCFB0
Regan,Lapwood,rlapwoodd6,rlapwoodd6@tuttocitta.it,F565BHWh8t
Marion,Brown,mbrownd7,mbrownd7@google.nl,EqMKCl0
Wendall,Sturt,wsturtd8,wsturtd8@answers.com,Nbqj3fo
Elora,Waadenburg,ewaadenburgd9,ewaadenburgd9@liveinternet.ru,Ed0C23
Elisabet,Liston,elistonda,elistonda@berkeley.edu,7D8YOYmW2K
Jasper,Brennenstuhl,jbrennenstuhldb,jbrennenstuhldb@ebay.co.uk,owSIbn6ik9PB
Dita,Creboe,dcreboedc,dcreboedc@wsj.com,ifhoUQNl
Rebe,Timoney,rtimoneydd,rtimoneydd@patch.com,sQmGo8v
Jacquelyn,Craster,jcrasterde,jcrasterde@salon.com,tcykz88iS
Carney,Kenwyn,ckenwyndf,ckenwyndf@merriam-webster.com,CVC2lojoEh
Scarface,Seale,ssealedg,ssealedg@wiley.com,KRr71ccj
Lou,Mathy,lmathydh,lmathydh@globo.com,nOMfkYV
Aubert,Metcalfe,ametcalfedi,ametcalfedi@ucla.edu,wkpqa7
Hadley,Chishull,hchishulldj,hchishulldj@plala.or.jp,041zPWshRC
Jilleen,Maginn,jmaginndk,jmaginndk@sfgate.com,w3ylkziUb
Starlene,Toffalo,stoffalodl,stoffalodl@opensource.org,gPjvUO
Carlynne,Gossart,cgossartdm,cgossartdm@comsenz.com,5RE5ezfMV
Sybille,Eilles,seillesdn,seillesdn@eepurl.com,xGUBCIWCBXW
Ardeen,Orteaux,aorteauxdo,aorteauxdo@t-online.de,6J88boa1hO8
Timothy,Coast,tcoastdp,tcoastdp@hexun.com,hBLBsb
Josee,Laugheran,jlaugherandq,jlaugherandq@digg.com,g5jAloa7j
Joane,Bowsher,jbowsherdr,jbowsherdr@phoca.cz,1ddmGu16
Mair,Rosensaft,mrosensaftds,mrosensaftds@desdev.cn,V9PQOrLvMjZ
Maximilianus,Coggles,mcogglesdt,mcogglesdt@latimes.com,TS09vgy
Gates,Maffulli,gmaffullidu,gmaffullidu@netlog.com,XCmBmMfKy
Meagan,Strevens,mstrevensdv,mstrevensdv@wikimedia.org,dmG5vU
Josefa,Etock,jetockdw,jetockdw@is.gd,TMFWqNzDme6
Dorris,Lufkin,dlufkindx,dlufkindx@lycos.com,xaifZEajT5
Wendel,Whitehead,wwhiteheaddy,wwhiteheaddy@amazon.co.jp,T3syLno3wK
Borg,Huxley,bhuxleydz,bhuxleydz@prweb.com,TVdZ2OaF
Wynn,Oriel,woriele0,woriele0@ucoz.com,LRu9ko
Harlene,Legg,hlegge1,hlegge1@statcounter.com,6EJVjBu
Wenda,Shillabeer,wshillabeere2,wshillabeere2@smh.com.au,46KyYu0HF
Amargo,Ayres,aayrese3,aayrese3@google.de,fpd2wcI
Rickert,O'Cridigan,rocridigane4,rocridigane4@chron.com,6ZZ4c0i
Amandy,Meritt,ameritte5,ameritte5@zdnet.com,UjRcLYbDdOJd
Edi,Maffulli,emaffullie6,emaffullie6@hugedomains.com,ct5JpRvlP8vO
Therine,Tilt,ttilte7,ttilte7@posterous.com,iqkEoGs
Shalna,Snodin,ssnodine8,ssnodine8@hibu.com,42SUDOjJQzgY
Augustin,Licciardello,alicciardelloe9,alicciardelloe9@nbcnews.com,n8S4H4z
Pippy,Kings,pkingsea,pkingsea@cbc.ca,PMYWaNpus
Fitzgerald,Ede,fedeeb,fedeeb@reuters.com,NdVhDJ5an1rm
Gratiana,Limeburner,glimeburnerec,glimeburnerec@is.gd,96PIO8tEDK7U
Terrence,Toplin,ttoplined,ttoplined@psu.edu,zDagYjuwdcXg
Maje,Broodes,mbroodesee,mbroodesee@ebay.co.uk,1KFqLpSGR
Ogden,Tonks,otonksef,otonksef@constantcontact.com,FLqPYfIReLfc
Denyse,Rape,drapeeg,drapeeg@unicef.org,58Gdy7VwMjGA
Antonius,Bockett,abocketteh,abocketteh@wikimedia.org,AhN5Qu81Sh
Arluene,Minchell,aminchellei,aminchellei@gov.uk,Grmq3B
Carlynne,Cast,ccastej,ccastej@jalbum.net,2l65Md3dliIZ
Robby,Taudevin,rtaudevinek,rtaudevinek@eepurl.com,voI7BJrdQmz
Augustin,Feighney,afeighneyel,afeighneyel@hubpages.com,VLZCOzvKysD
Kerwin,Storah,kstorahem,kstorahem@spotify.com,wqn2yMMBdI
Antonetta,Chatain,achatainen,achatainen@goo.gl,h0RL3Et
Mabel,Dreelan,mdreelaneo,mdreelaneo@eepurl.com,Uwkgxp
Gav,Greasty,ggreastyep,ggreastyep@eepurl.com,YjnZkYX
Edik,Cella,ecellaeq,ecellaeq@ox.ac.uk,TPkVecVA
Abran,Dunbleton,adunbletoner,adunbletoner@globo.com,ThlbCax7qh
Denna,Greensall,dgreensalles,dgreensalles@techcrunch.com,3omt3k
Branden,Treneer,btreneeret,btreneeret@answers.com,d5eD9TlF7w5
Arnoldo,Gibbard,agibbardeu,agibbardeu@scribd.com,EzLFey6K
Yasmin,Macconachy,ymacconachyev,ymacconachyev@usatoday.com,cLzF192CK7WY
Claybourne,Montague,cmontagueew,cmontagueew@earthlink.net,Icbd1VYj
Jaymie,Haslegrave,jhaslegraveex,jhaslegraveex@webmd.com,vyr6dJkUCK8
Dollie,Blamire,dblamireey,dblamireey@twitter.com,P0dl0XSNrmRZ
Lorne,Klimes,lklimesez,lklimesez@reuters.com,pRgmkt0K4
Katusha,Tetley,ktetleyf0,ktetleyf0@netlog.com,GpjK81D
Shirlene,Warby,swarbyf1,swarbyf1@tiny.cc,ZsqNwp
Pascale,Earland,pearlandf2,pearlandf2@4shared.com,DkuDSJzyR54
Randi,Bifield,rbifieldf3,rbifieldf3@mlb.com,SDZQFPg0
Eada,Lingfoot,elingfootf4,elingfootf4@ask.com,htPYWHuU
Correy,Farherty,cfarhertyf5,cfarhertyf5@wsj.com,9cjrDeWSr0
Mallorie,Pailin,mpailinf6,mpailinf6@jugem.jp,eD6DdDBbn
Jolie,Mayte,jmaytef7,jmaytef7@prweb.com,7qsRDsYX6ZR
Arney,Teresia,ateresiaf8,ateresiaf8@cbslocal.com,BxEtiabCRm
Rockwell,Blofeld,rblofeldf9,rblofeldf9@statcounter.com,7CVi656yTo
Kellia,Hearnaman,khearnamanfa,khearnamanfa@ustream.tv,cyQQKL
Natal,Hanes,nhanesfb,nhanesfb@deliciousdays.com,M7v3FIfo1k
Jewelle,Mounch,jmounchfc,jmounchfc@forbes.com,n1ZvxuXd8
Zorine,Culshaw,zculshawfd,zculshawfd@army.mil,kgxb1HmwWE
Peg,Foffano,pfoffanofe,pfoffanofe@forbes.com,D7VkaJz
Rod,Ambrogioli,rambrogioliff,rambrogioliff@csmonitor.com,yk7mRokb4INq
Sonja,Adderson,saddersonfg,saddersonfg@posterous.com,lD3CNB9T1wV
Olivie,Vial,ovialfh,ovialfh@prnewswire.com,3LSyNO
Ynez,Curmi,ycurmifi,ycurmifi@cocolog-nifty.com,3GOUPFsj1ywm
Konstantine,Dagworthy,kdagworthyfj,kdagworthyfj@acquirethisname.com,QszU80
Blondell,Livesay,blivesayfk,blivesayfk@indiegogo.com,34cGh1x
Duke,Tiplady,dtipladyfl,dtipladyfl@jiathis.com,ri4HENkAb
Eustacia,Nears,enearsfm,enearsfm@bbc.co.uk,hutaPpCbii
Gilligan,Varley,gvarleyfn,gvarleyfn@4shared.com,3GaPOEPt
Lisetta,Crampton,lcramptonfo,lcramptonfo@wsj.com,xKL9w0NF3p1
Jo-anne,Ilden,jildenfp,jildenfp@shareasale.com,BFXnYdbQxs
Blondy,Marvin,bmarvinfq,bmarvinfq@bigcartel.com,aT3WH0ss
Alissa,Archbutt,aarchbuttfr,aarchbuttfr@com.com,lrHxVFY
Kelbee,Phizackarley,kphizackarleyfs,kphizackarleyfs@about.com,4d67jn
Orella,Roch,orochft,orochft@techcrunch.com,1KZTyGqppXY
Yul,Dabs,ydabsfu,ydabsfu@symantec.com,eFFbKMMLJcY
Elsie,Vanyutin,evanyutinfv,evanyutinfv@latimes.com,AdykC8mXzKTV
Briano,Caldwall,bcaldwallfw,bcaldwallfw@netlog.com,iCORKX
Luciana,Grigoryov,lgrigoryovfx,lgrigoryovfx@google.es,rbrCKNz
Shannon,Dyott,sdyottfy,sdyottfy@google.com,IYHnvDur8
Ronica,Jandak,rjandakfz,rjandakfz@sfgate.com,n9a2PVF83
Rudiger,Mighele,rmigheleg0,rmigheleg0@youtu.be,waLcfnQx
Mireielle,Whitten,mwhitteng1,mwhitteng1@multiply.com,9mbxhOFMt6aT
Chrystel,Lunck,clunckg2,clunckg2@t-online.de,s8gSYSU1XsyN
Barbi,Shillabeare,bshillabeareg3,bshillabeareg3@wunderground.com,qZormL
Tremayne,Kacheller,tkachellerg4,tkachellerg4@g.co,hQDPSkiQKTw
Ferdinande,Scadding,fscaddingg5,fscaddingg5@google.com,a7HxATSwK
Gustavo,Hearons,ghearonsg6,ghearonsg6@ning.com,KS8UHoA
Valentina,Seath,vseathg7,vseathg7@typepad.com,kicTyHV7t
Dacie,Celler,dcellerg8,dcellerg8@github.com,eUrZxGdE
Allan,Wiszniewski,awiszniewskig9,awiszniewskig9@sakura.ne.jp,I9VDA3D9ZLm
Nico,Whittleton,nwhittletonga,nwhittletonga@newyorker.com,jGJbiDgFtCp
Harriott,Lackie,hlackiegb,hlackiegb@adobe.com,BB6ApGw8w
Harrison,Milleton,hmilletongc,hmilletongc@zimbio.com,yylnMwRIZda
Syd,Saunderson,ssaundersongd,ssaundersongd@qq.com,OFHjwdSHjc
Wynn,Jedrzejkiewicz,wjedrzejkiewiczge,wjedrzejkiewiczge@noaa.gov,8plJ2SGKv
Eddie,Farlam,efarlamgf,efarlamgf@telegraph.co.uk,eMvefY9IRnnt
Margarita,Brame,mbramegg,mbramegg@purevolume.com,TCzZVcm2
Jyoti,Hesey,jheseygh,jheseygh@gizmodo.com,5P4sdkn6
Allister,Pearce,apearcegi,apearcegi@devhub.com,xQvBV9flR
Jaclyn,Grieve,jgrievegj,jgrievegj@i2i.jp,zZVYff3i
Obie,Voyce,ovoycegk,ovoycegk@merriam-webster.com,XLOLY4UeCEb
Amargo,Lahy,alahygl,alahygl@ifeng.com,XSvljSegvq
Sancho,Hindes,shindesgm,shindesgm@icio.us,Ig1CraiaThn
Marleah,Dimeloe,mdimeloegn,mdimeloegn@pcworld.com,GK3mnIJ71f
Obidiah,Allflatt,oallflattgo,oallflattgo@icq.com,1P50yY
Halimeda,Anersen,hanersengp,hanersengp@sfgate.com,AUV2dmg
Perry,McQuilliam,pmcquilliamgq,pmcquilliamgq@dailymotion.com,SbkdzPXfWw3y
Marthe,Younie,myouniegr,myouniegr@unblog.fr,1g9guCWE0g92
Ranique,Slogrove,rslogrovegs,rslogrovegs@ucoz.com,3q24lr
Rupert,Cobbe,rcobbegt,rcobbegt@independent.co.uk,sgfSZ0wGV
Ed,Niesing,eniesinggu,eniesinggu@weebly.com,IsVHEJtVL0lh
Dudley,Foulis,dfoulisgv,dfoulisgv@nyu.edu,FYy1qXF2K
Cullie,Neeve,cneevegw,cneevegw@redcross.org,JRHsuHBv
Baldwin,Slocom,bslocomgx,bslocomgx@delicious.com,P9cUx9
Roseanna,Germon,rgermongy,rgermongy@behance.net,V32rwZbtdZA
Nickey,Hows,nhowsgz,nhowsgz@independent.co.uk,zO7aT43PZKk
Ozzie,Britto,obrittoh0,obrittoh0@discovery.com,BLmXbv4f
Lizbeth,McGillivrie,lmcgillivrieh1,lmcgillivrieh1@com.com,wemzabWp4Mf
Goldi,Giovannacci,ggiovannaccih2,ggiovannaccih2@bloglovin.com,4jo4ZH7i
Hyatt,Bischoff,hbischoffh3,hbischoffh3@tinyurl.com,GKSAPS
Rey,Grieswood,rgrieswoodh4,rgrieswoodh4@arizona.edu,zvjvaf3ctuA
Rozalin,Skelcher,rskelcherh5,rskelcherh5@independent.co.uk,ZhHhV6
Lucien,MacAnellye,lmacanellyeh6,lmacanellyeh6@ft.com,ITcsvEFfjUj
Anne-marie,Bosnell,abosnellh7,abosnellh7@guardian.co.uk,3YnBLJaHlC
Thorstein,Bratten,tbrattenh8,tbrattenh8@slate.com,mKqIai
Gilemette,Jenny,gjennyh9,gjennyh9@diigo.com,86bjrf
Ibbie,Peevor,ipeevorha,ipeevorha@google.de,qHYGhU
Maddy,Goaks,mgoakshb,mgoakshb@angelfire.com,94VYBewXa2tx
Francine,Handsheart,fhandshearthc,fhandshearthc@bizjournals.com,mzi8Bk2TB
Tirrell,Digweed,tdigweedhd,tdigweedhd@cbsnews.com,QtMQhcTjPuT
Dana,Hallick,dhallickhe,dhallickhe@ted.com,DoYbCfFkfP
Imelda,Biskupek,ibiskupekhf,ibiskupekhf@forbes.com,5xz4cdqYPu
Ange,Thom,athomhg,athomhg@constantcontact.com,aT3s3wEt
Padget,Priddle,ppriddlehh,ppriddlehh@soup.io,07Y9vhWtGyO
Kristi,Tremmil,ktremmilhi,ktremmilhi@seattletimes.com,ZHi6ZIu6la
Anallese,Diggens,adiggenshj,adiggenshj@topsy.com,3nboZaE
Ethelred,Boswell,eboswellhk,eboswellhk@squidoo.com,veDTmPs
Shaw,Lanigan,slaniganhl,slaniganhl@tiny.cc,HQ2ziX6Sz29
Jo-ann,Rollo,jrollohm,jrollohm@blogs.com,PaNkO228
Harwilll,Challinor,hchallinorhn,hchallinorhn@wikia.com,nDXnFuxWm
Libbey,Wayne,lwayneho,lwayneho@simplemachines.org,pNAx1y9OZd
Joceline,Ripon,jriponhp,jriponhp@slate.com,6i0UZCYy
Ferris,Koche,fkochehq,fkochehq@irs.gov,DIY22AhW8
Devan,Fergie,dfergiehr,dfergiehr@geocities.jp,T1ZqZlnUuvPJ
Miner,Stellman,mstellmanhs,mstellmanhs@woothemes.com,0yOfCJ1dcF
Nevin,Inggall,ninggallht,ninggallht@creativecommons.org,IsSKNRYHED
Riannon,Osipenko,rosipenkohu,rosipenkohu@sbwire.com,L6AbVD
Sella,Alvy,salvyhv,salvyhv@flickr.com,oiElgDQzm
Susette,Tothe,stothehw,stothehw@reference.com,ptiTrZM6
Nanette,Perse,npersehx,npersehx@naver.com,kpnJxRjF
Jerrie,Myrtle,jmyrtlehy,jmyrtlehy@clickbank.net,2R1lvwzC
Piper,Britney,pbritneyhz,pbritneyhz@skyrock.com,CIsIWp2Pn
Orbadiah,Offen,ooffeni0,ooffeni0@bing.com,CzfoRyE0qVwM
Harvey,Rochford,hrochfordi1,hrochfordi1@wiley.com,nO1Hr38
Erhart,Rosenthaler,erosenthaleri2,erosenthaleri2@4shared.com,7PCwwmDl
Dalt,Lowten,dlowteni3,dlowteni3@mediafire.com,PldTV7D
Stanislaw,Nibloe,snibloei4,snibloei4@patch.com,Lm78mF7
Cherlyn,Dalgleish,cdalgleishi5,cdalgleishi5@feedburner.com,YAO4JViYupfu
Miguel,Dannett,mdannetti6,mdannetti6@ed.gov,dzUaAYhXWY
Ulric,Gethins,ugethinsi7,ugethinsi7@trellian.com,MHtXIHvzpc
Vivianna,Goulden,vgouldeni8,vgouldeni8@cdc.gov,iDFhhhvT4
Krispin,Paulino,kpaulinoi9,kpaulinoi9@shinystat.com,e5kHjqEBOM
Leeanne,Son,lsonia,lsonia@forbes.com,lHwUok55QF
Kym,McKerrow,kmckerrowib,kmckerrowib@mapy.cz,F7GbiNiAQv9
Isidor,Readings,ireadingsic,ireadingsic@ox.ac.uk,7V7Jl6DSxD
Sayer,Cram,scramid,scramid@census.gov,KYmAqjj
Pat,Skerm,pskermie,pskermie@jiathis.com,KyK45Ne7acG2
Andrew,Beacham,abeachamif,abeachamif@elegantthemes.com,GSEgrF
Chere,Airdrie,cairdrieig,cairdrieig@dyndns.org,4pYXsbYPU
Julee,Orsay,jorsayih,jorsayih@pinterest.com,yBlRkBK
Marla,Dener,mdenerii,mdenerii@yellowpages.com,aWd7vYUqcM
Silvester,Spare,sspareij,sspareij@aol.com,j7oVF7yIFRR
Bartie,Eberst,beberstik,beberstik@amazon.co.uk,vA0vOqWSWH
Tammy,Lycett,tlycettil,tlycettil@imdb.com,OuLVHp
Carmencita,Aherne,caherneim,caherneim@bluehost.com,43atpU3CIzcz
Rora,Halesworth,rhalesworthin,rhalesworthin@hugedomains.com,YZn6X3Fr64
Teddie,Tidbold,ttidboldio,ttidboldio@intel.com,tPr6Fp
Isiahi,Raun,iraunip,iraunip@washingtonpost.com,8AZaur1tNI8
Thadeus,Dumbrall,tdumbralliq,tdumbralliq@deviantart.com,lLzbnBP
Stacy,Yarrington,syarringtonir,syarringtonir@home.pl,07pIsLjxNBzq
Charla,Tilliard,ctilliardis,ctilliardis@nifty.com,UelGf3LEh
Miguela,Howel,mhowelit,mhowelit@bing.com,7L66NQPkY
Ebba,Beenham,ebeenhamiu,ebeenhamiu@va.gov,wHwIbraBOb
Silvanus,Gosswell,sgosswelliv,sgosswelliv@rakuten.co.jp,EavBZx
Decca,Rawlence,drawlenceiw,drawlenceiw@mac.com,CT7aEK2cboB
Merrick,Parsonage,mparsonageix,mparsonageix@ibm.com,3vD6RH7fwol
Frederico,Hailes,fhailesiy,fhailesiy@google.com.hk,pCFfck
Lynnet,Dockrey,ldockreyiz,ldockreyiz@sbwire.com,UAAVnAWkDGVH
Willa,Troak,wtroakj0,wtroakj0@wordpress.org,oTVmt7S
Hillary,Brookfield,hbrookfieldj1,hbrookfieldj1@tinyurl.com,7QlbRi5WZZNd
Gertie,Chesshyre,gchesshyrej2,gchesshyrej2@ovh.net,fOyMgI94
Cameron,Clemits,cclemitsj3,cclemitsj3@shutterfly.com,onHjdbqWj1
Bobbe,Mcwhinnie,bmcwhinniej4,bmcwhinniej4@webmd.com,CzeAJo
Brockie,Sumers,bsumersj5,bsumersj5@army.mil,OJzGDRCW6
Keane,Narducci,knarduccij6,knarduccij6@mail.ru,yH9Bvq1
Mal,Leng,mlengj7,mlengj7@printfriendly.com,HlhFxq
Englebert,Goodbarne,egoodbarnej8,egoodbarnej8@wikispaces.com,qXsxbdoMo
Zebedee,McDunlevy,zmcdunlevyj9,zmcdunlevyj9@dot.gov,yxvMrN
Franz,Gleave,fgleaveja,fgleaveja@linkedin.com,cuPtB71Hi
Ave,Hayto,ahaytojb,ahaytojb@ameblo.jp,qt7R6Qfz7n7T
Isabel,Hambling,ihamblingjc,ihamblingjc@mashable.com,BzTeEZN1W
Orlan,Fones,ofonesjd,ofonesjd@wix.com,JFNwCtcYc3
Tyler,Smolan,tsmolanje,tsmolanje@tamu.edu,19WDWycAX
Tadio,Duffill,tduffilljf,tduffilljf@state.gov,xQovIpGmBCp
Harlene,Hansill,hhansilljg,hhansilljg@about.com,zA73Eun9N
Wilbert,Neubigin,wneubiginjh,wneubiginjh@joomla.org,ZhmYK2PL
Tiertza,Bauldry,tbauldryji,tbauldryji@businessinsider.com,syYOHb2
Burnaby,Bruinsma,bbruinsmajj,bbruinsmajj@go.com,BlzYqytEH
Huntington,Gellion,hgellionjk,hgellionjk@rediff.com,n4rjtzKmjN
Brendis,Cowwell,bcowwelljl,bcowwelljl@redcross.org,ZreopFVIwKTv
Florian,Naptine,fnaptinejm,fnaptinejm@topsy.com,RqXvCF7ip
Mariele,Roberti,mrobertijn,mrobertijn@creativecommons.org,gLugVFOa
Nicolle,Cordingley,ncordingleyjo,ncordingleyjo@sourceforge.net,cfLmtQsY
Richy,Nussii,rnussiijp,rnussiijp@amazon.co.jp,k9223KZc
Amory,Santer,asanterjq,asanterjq@uol.com.br,Cg83IhCb
Vittoria,Mattei,vmatteijr,vmatteijr@ox.ac.uk,wBlslUX
Camala,Laity,claityjs,claityjs@fc2.com,Ii8GUY
Berta,Seamans,bseamansjt,bseamansjt@bluehost.com,3VwxvDVv
Emmet,Gallard,egallardju,egallardju@hp.com,RPlpYstiyH
Marco,Vanlint,mvanlintjv,mvanlintjv@mashable.com,uLfbmEhJoD
Paulette,Acaster,pacasterjw,pacasterjw@xrea.com,AhZuGEOBE
Genny,Brimble,gbrimblejx,gbrimblejx@jiathis.com,BAxx6k
Sophie,Beinisch,sbeinischjy,sbeinischjy@imageshack.us,bxIO9FpdH
Vlad,Lauchlan,vlauchlanjz,vlauchlanjz@twitter.com,rFqgCAmJ9KcD
Janeczka,Ratcliffe,jratcliffek0,jratcliffek0@mlb.com,6zHg6L2EBG
Natasha,Ivens,nivensk1,nivensk1@blogs.com,ipB5KACL2
Berget,Deetch,bdeetchk2,bdeetchk2@ehow.com,P3oECk
Phil,Pietrzak,ppietrzakk3,ppietrzakk3@weebly.com,OpJ8bIOA4tYC
Edsel,Meech,emeechk4,emeechk4@printfriendly.com,73tTsd
Koralle,Redmille,kredmillek5,kredmillek5@t.co,X8TFu15PrD7K
Kristoforo,Lydall,klydallk6,klydallk6@dropbox.com,sHlbWLiD
Rhonda,Cruce,rcrucek7,rcrucek7@ihg.com,JQaCK0Tv
Emlen,Clayson,eclaysonk8,eclaysonk8@businessinsider.com,lq15ln
Eugenio,Howler,ehowlerk9,ehowlerk9@ucla.edu,ahsRQqpi8
Yule,Shalloo,yshallooka,yshallooka@usda.gov,9jTtN78
Zachery,Foddy,zfoddykb,zfoddykb@bbc.co.uk,UIJn5i4z
Madelena,Symones,msymoneskc,msymoneskc@nbcnews.com,IeMZ8QR4j
Damita,Smyley,dsmyleykd,dsmyleykd@prnewswire.com,LfUZn0KJM1pt
Filbert,Bann,fbannke,fbannke@salon.com,1hNGLlWc
Milt,O'Donegan,modonegankf,modonegankf@hexun.com,91QsFnl
Carlene,Vaines,cvaineskg,cvaineskg@cnn.com,s1w2rgqcfs
Carmelia,Norledge,cnorledgekh,cnorledgekh@businessweek.com,WfiKUgcl25
Merl,Airey,maireyki,maireyki@weather.com,DZ7hh9tmpTeZ
Tessie,Belsey,tbelseykj,tbelseykj@tripadvisor.com,fke7QwV
Keelia,Jordin,kjordinkk,kjordinkk@discovery.com,YBh1eNYsw
Syman,Cosbey,scosbeykl,scosbeykl@jalbum.net,sDlbaV7k
Teri,Kollas,tkollaskm,tkollaskm@topsy.com,x0QkZGFG
Yoshi,Nelmes,ynelmeskn,ynelmeskn@usgs.gov,ublT1a8AHqT
Damiano,Fuzzens,dfuzzensko,dfuzzensko@sciencedirect.com,FsGUZj
Orv,Grouvel,ogrouvelkp,ogrouvelkp@sourceforge.net,JyEJ6l
Hernando,Tongue,htonguekq,htonguekq@un.org,kUBX3gM48De
Adolf,Janacek,ajanacekkr,ajanacekkr@mail.ru,LGTGLAGJCdxZ
Timothy,Silwood,tsilwoodks,tsilwoodks@twitpic.com,Cd93XL5BlI
James,Redmain,jredmainkt,jredmainkt@hao123.com,Adz6grPPHZh
Leese,Barock,lbarockku,lbarockku@aol.com,5lUlc851Ba7l
Calvin,Halpeine,chalpeinekv,chalpeinekv@google.it,owEhlE9
Judi,Kinch,jkinchkw,jkinchkw@moonfruit.com,jZaKL6
Rubina,McNay,rmcnaykx,rmcnaykx@xinhuanet.com,xEnKkfwc
Nessie,Noulton,nnoultonky,nnoultonky@spotify.com,R1s1DISiEr
Stanislaw,Delnevo,sdelnevokz,sdelnevokz@elpais.com,Z1klpDdm
Sergent,Proven,sprovenl0,sprovenl0@amazon.com,ge5SRnOHHsDd
Evelin,Tweedy,etweedyl1,etweedyl1@nydailynews.com,8bvsS8Kgj3JV
Wright,Griffe,wgriffel2,wgriffel2@de.vu,s9pDjYPQ3R
Percy,Clemenceau,pclemenceaul3,pclemenceaul3@oakley.com,Q5qYcsZrr8D
Giff,Stace,gstacel4,gstacel4@xinhuanet.com,19rDL6rI19
Clive,Perico,cpericol5,cpericol5@businessweek.com,JRC226
Agata,Abels,aabelsl6,aabelsl6@simplemachines.org,xuKHLVMd2
Keelby,Enevold,kenevoldl7,kenevoldl7@wikispaces.com,Ma6E5f
Andrea,Irlam,airlaml8,airlaml8@bravesites.com,OAaJ3n
Michal,Titchen,mtitchenl9,mtitchenl9@guardian.co.uk,cXDlvJCy
Shirline,Trehearne,strehearnela,strehearnela@pinterest.com,PNWKrNOEGZmc
Curtis,Filinkov,cfilinkovlb,cfilinkovlb@latimes.com,xwBNDmAQ
Verge,Bezants,vbezantslc,vbezantslc@clickbank.net,o2693LWVhyT
Mina,Waldocke,mwaldockeld,mwaldockeld@elpais.com,NsVKdZyYFs
Zebadiah,Clampe,zclampele,zclampele@vkontakte.ru,k62i3q
Angelita,Ashington,aashingtonlf,aashingtonlf@theguardian.com,uDURDegTN
Mirella,Juleff,mjulefflg,mjulefflg@howstuffworks.com,NMrRXdspTP
Rasla,Worner,rwornerlh,rwornerlh@blogs.com,3lBvx90sWv
Nickolaus,Jackman,njackmanli,njackmanli@squidoo.com,fKHO9I
Woody,Bail,wbaillj,wbaillj@google.com.br,yjfeGFDOR
Bethany,Henri,bhenrilk,bhenrilk@chronoengine.com,nBDiNo8DOM
Fernandina,Cammack,fcammackll,fcammackll@t-online.de,tOqcBsq
Christoper,Sykes,csykeslm,csykeslm@zdnet.com,Kk9Bn2tHN
Francyne,Wyllt,fwylltln,fwylltln@linkedin.com,XcoaXbnKB8Qf
Micaela,Gauler,mgaulerlo,mgaulerlo@studiopress.com,TKxr9npRnJU
Wang,Paylor,wpaylorlp,wpaylorlp@ucoz.ru,1GaKt4
Annabell,Diano,adianolq,adianolq@ucoz.ru,fYaJB0H9j2MX
Laurene,Ralls,lrallslr,lrallslr@bloglines.com,xg0dHi
Ernaline,Westpfel,ewestpfells,ewestpfells@eventbrite.com,kxf4kEEQ2MEr
Junina,Pughe,jpughelt,jpughelt@reference.com,4prjbiX
Tresa,Tattersdill,ttattersdilllu,ttattersdilllu@engadget.com,9VyUEJJF3
Wendi,Chillistone,wchillistonelv,wchillistonelv@omniture.com,FoW3qcAX
Happy,Feye,hfeyelw,hfeyelw@intel.com,tT6SyxGH8
Lotte,Benjefield,lbenjefieldlx,lbenjefieldlx@gnu.org,erQINJ
Wenda,Konneke,wkonnekely,wkonnekely@homestead.com,C9VwG0Ux
Bealle,Gover,bgoverlz,bgoverlz@sina.com.cn,4VEZLqTyGB
Innis,Popworth,ipopworthm0,ipopworthm0@networkadvertising.org,9V3ndOpyO
Danika,Licciardello,dlicciardellom1,dlicciardellom1@posterous.com,WeXeTLzaGk
Dante,Ledwitch,dledwitchm2,dledwitchm2@nsw.gov.au,uQtk7F
Dory,Tabourier,dtabourierm3,dtabourierm3@blog.com,7i22OvxJhFc
Jessa,Schruyers,jschruyersm4,jschruyersm4@ebay.co.uk,f4hukBTTo
Timmie,Easey,teaseym5,teaseym5@tripod.com,1yn4s5YvC
Jere,Jodlowski,jjodlowskim6,jjodlowskim6@artisteer.com,OXfi5eqJxjE1
Allayne,Maxwale,amaxwalem7,amaxwalem7@51.la,SYx8RqOEjGO
Samantha,Ousby,sousbym8,sousbym8@eventbrite.com,YuYTAr
Montague,Cappell,mcappellm9,mcappellm9@go.com,8uhCy4
Rafaello,McTrustam,rmctrustamma,rmctrustamma@amazon.co.jp,QGdbq6iWP
Wyatan,Oxenham,woxenhammb,woxenhammb@upenn.edu,CgIf6lt9
Amery,MacCroary,amaccroarymc,amaccroarymc@admin.ch,xGK9oxsV
Phyllis,Muzzlewhite,pmuzzlewhitemd,pmuzzlewhitemd@tiny.cc,LQAJvpB2
Paulo,Koche,pkocheme,pkocheme@artisteer.com,NAYH7rj
Lorraine,Fenlon,lfenlonmf,lfenlonmf@merriam-webster.com,75159l
Rawley,Grieg,rgriegmg,rgriegmg@pagesperso-orange.fr,9Sio4ArMU
Fulton,McDougal,fmcdougalmh,fmcdougalmh@zdnet.com,OHsT3AZnAke
Tom,Fowls,tfowlsmi,tfowlsmi@yahoo.co.jp,meEhBg32e
Delmore,Huban,dhubanmj,dhubanmj@soup.io,s7zVeyoHPO7
Cassie,Wytchard,cwytchardmk,cwytchardmk@techcrunch.com,eeKcy1M
Tammie,Claesens,tclaesensml,tclaesensml@illinois.edu,qTizab0Q8FTW
Ethel,Hould,ehouldmm,ehouldmm@altervista.org,k00zRt
Jamey,Alabastar,jalabastarmn,jalabastarmn@yahoo.co.jp,MFMOahNgLxc
Eloisa,Deacock,edeacockmo,edeacockmo@ibm.com,idkMMB
Linell,Bendik,lbendikmp,lbendikmp@phoca.cz,GCSngbtv
Donny,Giorgi,dgiorgimq,dgiorgimq@nymag.com,IuYxgI8nXL
Allin,Brookzie,abrookziemr,abrookziemr@pagesperso-orange.fr,MnEGStWUWK4
Myrilla,Flann,mflannms,mflannms@usatoday.com,J5qVvFia4qqq
Janifer,Chown,jchownmt,jchownmt@google.co.uk,RRAeAieH1C
Carlo,McHardy,cmchardymu,cmchardymu@nifty.com,uU90xsdBA1d
Sergent,Spraging,sspragingmv,sspragingmv@comcast.net,RiiCxhuiQ
Red,McRamsey,rmcramseymw,rmcramseymw@merriam-webster.com,LtOD6pac
Terry,Borland,tborlandmx,tborlandmx@blog.com,splFSFjLsn
Corie,Buckenham,cbuckenhammy,cbuckenhammy@jugem.jp,UADUrP
Zacharias,Frascone,zfrasconemz,zfrasconemz@spiegel.de,UVGofX7QWf
Salomi,Upsale,supsalen0,supsalen0@etsy.com,9M9WEJU
Lillis,Insko,linskon1,linskon1@com.com,7bJGQQzIRj
Jefferson,Maunsell,jmaunselln2,jmaunselln2@nsw.gov.au,i7rKQJB
Miguel,Ricardo,mricardon3,mricardon3@opensource.org,ZHD0pp87WTa
Axe,Quick,aquickn4,aquickn4@webnode.com,lzaddHu7
Ulla,Gamlyn,ugamlynn5,ugamlynn5@umn.edu,Caaxj2yR9Sn
Pernell,Mannix,pmannixn6,pmannixn6@auda.org.au,waEBLYg
Marci,Stoop,mstoopn7,mstoopn7@dagondesign.com,0gZersm4B2W
Darius,Riep,driepn8,driepn8@sina.com.cn,Pli91kcjg3
Trevar,Yeates,tyeatesn9,tyeatesn9@pbs.org,AuLD9u6uCdQW
Abbe,Croft,acroftna,acroftna@themeforest.net,PDGNOxssBEqR
Hallsy,Housecraft,hhousecraftnb,hhousecraftnb@state.gov,WgIYJW
Hally,Finlan,hfinlannc,hfinlannc@goo.ne.jp,NiOuVJUOvj9H
Rudyard,Whiteman,rwhitemannd,rwhitemannd@google.de,1DMRDBZ5
Celestina,Normand,cnormandne,cnormandne@ifeng.com,YkrDFbwkjzU3
Brewer,Johannesson,bjohannessonnf,bjohannessonnf@dion.ne.jp,OsfC6R1kV
Scott,Saggs,ssaggsng,ssaggsng@tripadvisor.com,FDgv2f
Augustine,Joplin,ajoplinnh,ajoplinnh@china.com.cn,IPIbUFeCb
Carmelita,Elby,celbyni,celbyni@reference.com,Mr5Vk9gd
Perri,Ebbers,pebbersnj,pebbersnj@phoca.cz,fIlSbQLCnt
Bengt,Itzchaki,bitzchakink,bitzchakink@odnoklassniki.ru,8VAJi5
Eduino,Coast,ecoastnl,ecoastnl@jiathis.com,hRh2LfL
Ewart,Candie,ecandienm,ecandienm@vk.com,YCdwqjC
Shelbi,Neligan,sneligannn,sneligannn@usgs.gov,zM3L0iuf3
Gunther,Benge,gbengeno,gbengeno@comcast.net,mKRoIIBE
Wallace,Giraudy,wgiraudynp,wgiraudynp@4shared.com,P7ugTkI
Taryn,Melmar,tmelmarnq,tmelmarnq@nyu.edu,gNDYwfCdx
Tess,Humphery,thumpherynr,thumpherynr@gizmodo.com,Ovh7hn352x5
Gal,Dyshart,gdyshartns,gdyshartns@photobucket.com,Oov2FYBxn3
Renee,Bembrick,rbembricknt,rbembricknt@dion.ne.jp,h4uN1tE
Shoshana,Naulls,snaullsnu,snaullsnu@simplemachines.org,sSqJFhzjT
Raviv,Agostini,ragostininv,ragostininv@wikia.com,tAaGEb
Vanda,Gouch,vgouchnw,vgouchnw@soup.io,pNg1gzpGfxr
Smith,Chatenet,schatenetnx,schatenetnx@nasa.gov,RcERO6ftOFEY
Laryssa,Suttill,lsuttillny,lsuttillny@hc360.com,1AMdZJ2ls
Karissa,Ault,kaultnz,kaultnz@mit.edu,8z7U9Bv8J9Mr
Alyse,Clapp,aclappo0,aclappo0@mysql.com,uSea2lT2q7w8
Ivan,Maytum,imaytumo1,imaytumo1@mashable.com,LKN3m9bsD4iq
Bobinette,Verry,bverryo2,bverryo2@accuweather.com,rpXmyTR
Elaine,Cains,ecainso3,ecainso3@opensource.org,YqltS0lg
Davina,Arnau,darnauo4,darnauo4@alibaba.com,bW4MGe1S
Terza,Kunrad,tkunrado5,tkunrado5@yahoo.com,UagBzPoRN
Noelani,Hillock,nhillocko6,nhillocko6@ted.com,lN0HjB2v
Aryn,Ranscome,aranscomeo7,aranscomeo7@state.gov,GXLhDWilfMDg
Elianore,Troutbeck,etroutbecko8,etroutbecko8@apple.com,CpC0dsdC1d
Bette,Mogridge,bmogridgeo9,bmogridgeo9@pen.io,OjYVhzE
Debora,Kovacs,dkovacsoa,dkovacsoa@liveinternet.ru,yxSRHrB2x
Kippar,Lipprose,klipproseob,klipproseob@csmonitor.com,xslaEeskF
Lilllie,Eva,levaoc,levaoc@bandcamp.com,gwCGSJm
Ethan,Cypler,ecyplerod,ecyplerod@senate.gov,CSQYhELjf
Ange,Stockney,astockneyoe,astockneyoe@tiny.cc,c5a4E5kCARC
Ambrose,Landis,alandisof,alandisof@4shared.com,590MK7SU5VtT
Leanna,Beddows,lbeddowsog,lbeddowsog@clickbank.net,kKDn9NN
Ronny,Quartermain,rquartermainoh,rquartermainoh@auda.org.au,uDsjQtpUeaq
Domenico,Armitage,darmitageoi,darmitageoi@europa.eu,GclfD1RlPk
Kristine,Murch,kmurchoj,kmurchoj@bbc.co.uk,g4zNeCwXt
Marven,Ruddock,mruddockok,mruddockok@jigsy.com,M1OmQGP
Barry,Lucas,blucasol,blucasol@kickstarter.com,QF2HfXyBG
Jarrid,Grint,jgrintom,jgrintom@opera.com,cqfNkV2HxU8
Joyous,Schermick,jschermickon,jschermickon@state.tx.us,bM3H5ys
Delmor,Deval,ddevaloo,ddevaloo@com.com,i56kPYVd4u6l
Farlie,Gouthier,fgouthierop,fgouthierop@photobucket.com,mPzNCw
Margalit,Lindeberg,mlindebergoq,mlindebergoq@fema.gov,frpuUetj3F6r
Eudora,McDunlevy,emcdunlevyor,emcdunlevyor@constantcontact.com,PEKKhlwwtJIu
Ty,Hoodspeth,thoodspethos,thoodspethos@prnewswire.com,QMkUlyyEoz
Melvin,Boosey,mbooseyot,mbooseyot@unicef.org,Rg77QLnh
Charis,Tombleson,ctomblesonou,ctomblesonou@alexa.com,WlPP4Ebw
Cesar,Stolz,cstolzov,cstolzov@tripod.com,fLg8Zty
Idelle,Gadault,igadaultow,igadaultow@google.com.hk,I0ykEzn
Harley,Lavall,hlavallox,hlavallox@dion.ne.jp,HPNQRP
Antonin,Belliss,abellissoy,abellissoy@theguardian.com,x9VGLr781gRC
Oswell,Goby,ogobyoz,ogobyoz@biglobe.ne.jp,rQv1Slny
Helenka,Mabbs,hmabbsp0,hmabbsp0@a8.net,abxFZksIM
Bondy,Hawkin,bhawkinp1,bhawkinp1@printfriendly.com,OtPmTt
Hallie,Halpin,hhalpinp2,hhalpinp2@simplemachines.org,MxgwbPPd2SU
Chico,Sargant,csargantp3,csargantp3@feedburner.com,7Ic2dfqvCO
Marillin,De Rye Barrett,mderyebarrettp4,mderyebarrettp4@mapquest.com,f8z16Sz
Gunther,Tutchings,gtutchingsp5,gtutchingsp5@cnbc.com,U70XcGuC4bw5
Arturo,Cayser,acayserp6,acayserp6@wordpress.org,yrNRsjzCuD
Henrie,Gallagher,hgallagherp7,hgallagherp7@mail.ru,FiAq0mEfZyVq
Feliks,Forrestor,fforrestorp8,fforrestorp8@disqus.com,BoJkle6RMlTS
Darrel,Tomaskov,dtomaskovp9,dtomaskovp9@chicagotribune.com,W2QBdw
Pennie,Covey,pcoveypa,pcoveypa@whitehouse.gov,kGaaLgapJzoy
Salomone,Pahler,spahlerpb,spahlerpb@webnode.com,qG8qL829k
Tulley,Agglione,tagglionepc,tagglionepc@ning.com,ZTjikXn
Morena,Epinoy,mepinoypd,mepinoypd@live.com,DHWMNZHM5
Farley,Lownie,flowniepe,flowniepe@blog.com,Y2TOowgrRW2
Tonie,Selley,tselleypf,tselleypf@techcrunch.com,7YW5zV
Nichol,Ledford,nledfordpg,nledfordpg@rambler.ru,7BpZwnS
Melly,Bremmer,mbremmerph,mbremmerph@examiner.com,Unp8Wi
Misti,Balcombe,mbalcombepi,mbalcombepi@hp.com,MAYVZXnAL
Lucie,Bartke,lbartkepj,lbartkepj@marketwatch.com,zpTOMeDB6ch
Tonia,Androli,tandrolipk,tandrolipk@amazon.com,q3Xy0ybby
Teirtza,Aberdein,taberdeinpl,taberdeinpl@dropbox.com,bGx3PeoyaTHf
Tandi,Moakler,tmoaklerpm,tmoaklerpm@howstuffworks.com,kLprv5LUU1Ra
Bobbette,Loren,blorenpn,blorenpn@webmd.com,0v15NT610J0v
Randene,Fenck,rfenckpo,rfenckpo@tuttocitta.it,XQw2qUR
Amelita,Beecheno,abeechenopp,abeechenopp@timesonline.co.uk,POGAmidJ
Carlyle,Raddan,craddanpq,craddanpq@infoseek.co.jp,5lGpA7EfTE2
Maximo,Tarren,mtarrenpr,mtarrenpr@weibo.com,Px5tMHYgExQq
Michaella,Dominetti,mdominettips,mdominettips@admin.ch,wvpZrGTr5P
Albertine,Dablin,adablinpt,adablinpt@pagesperso-orange.fr,VPzlAhkooylR
Baily,Walne,bwalnepu,bwalnepu@google.it,inLh4N
Maxy,Stiegars,mstiegarspv,mstiegarspv@time.com,7ibUoTYyiDz
Viviyan,Spurriar,vspurriarpw,vspurriarpw@tinypic.com,6fJ85KsHHv
Kennett,Laborda,klabordapx,klabordapx@diigo.com,hjZYoggyNXZ
Joli,Vosper,jvosperpy,jvosperpy@msu.edu,xsiiKu
Ali,Pavyer,apavyerpz,apavyerpz@mediafire.com,Fxgl4UlIQwF
Fergus,Shuter,fshuterq0,fshuterq0@shinystat.com,F6NeT1
Archaimbaud,D'eath,adeathq1,adeathq1@slate.com,UXiZRe0dcH
Alvina,Goldberg,agoldbergq2,agoldbergq2@yahoo.co.jp,9EAoqr4IT
Kate,Ferrucci,kferrucciq3,kferrucciq3@hexun.com,VjjQsPD
Elisa,Aronov,earonovq4,earonovq4@naver.com,GvACBP
Vicky,Lenton,vlentonq5,vlentonq5@paginegialle.it,oyEF2AWn
Steffen,Sarah,ssarahq6,ssarahq6@bigcartel.com,kVfEWP
Ericka,Towersey,etowerseyq7,etowerseyq7@ibm.com,gAab7n
Winifield,Azam,wazamq8,wazamq8@miibeian.gov.cn,uLyYTrdw7hze
Eran,William,ewilliamq9,ewilliamq9@example.com,UTBoO6Pf2
Dorette,Fandrich,dfandrichqa,dfandrichqa@cnbc.com,8QEVwdcNv
Borg,Ben,bbenqb,bbenqb@ft.com,l8gajs
Pat,Greensted,pgreenstedqc,pgreenstedqc@deviantart.com,R7IhhWvnGj9
Alvin,Snellman,asnellmanqd,asnellmanqd@smh.com.au,rhiMmLW
Laurene,Thunderchief,lthunderchiefqe,lthunderchiefqe@creativecommons.org,wifw3cl8bmB
Daisey,Olrenshaw,dolrenshawqf,dolrenshawqf@un.org,U56ErZOpZ9y
Kyle,Lean,kleanqg,kleanqg@mail.ru,9e7NTgJ8Fv
Pincus,Kilbane,pkilbaneqh,pkilbaneqh@blogspot.com,Fe0WDl1U
Jaymie,Lawless,jlawlessqi,jlawlessqi@foxnews.com,Jjoomt1EB
Cammi,Kidd,ckiddqj,ckiddqj@blogtalkradio.com,nEPTZd
Rhodie,Reed,rreedqk,rreedqk@csmonitor.com,NbTscMUB5n
Veriee,Ablott,vablottql,vablottql@hp.com,TEocCT
Wilow,Cottam,wcottamqm,wcottamqm@soup.io,icRLMu3pZjO
Harlan,Ladds,hladdsqn,hladdsqn@google.co.uk,uP1oGrEnl
Colman,Chittem,cchittemqo,cchittemqo@mashable.com,tsDkiN
Holli,McIndoe,hmcindoeqp,hmcindoeqp@com.com,Z1ghR8
Danita,Biford,dbifordqq,dbifordqq@tripadvisor.com,9Jq1tt6kF
Laverna,Unitt,lunittqr,lunittqr@i2i.jp,r0yLs6ly
Kiri,McNeilley,kmcneilleyqs,kmcneilleyqs@clickbank.net,HdORJV21no
Lacee,Conradsen,lconradsenqt,lconradsenqt@mtv.com,XPZ64GNS3Lg
Glen,Balbeck,gbalbeckqu,gbalbeckqu@wordpress.com,WpM5ikhL
Mattias,Sainsbury,msainsburyqv,msainsburyqv@cocolog-nifty.com,rb6mPG80U8
Leilah,Lauchlan,llauchlanqw,llauchlanqw@themeforest.net,bWt8iWu9FuPG
Hoebart,Hazeman,hhazemanqx,hhazemanqx@redcross.org,uGiYX3cV
Nevile,Cranstone,ncranstoneqy,ncranstoneqy@prlog.org,0Nms2T0h5r39
Henri,Ridgers,hridgersqz,hridgersqz@cisco.com,67OjEk
Wilhelmine,Canby,wcanbyr0,wcanbyr0@posterous.com,6NKhGH
Garv,Leed,gleedr1,gleedr1@topsy.com,qnu4ic
Janith,Charlwood,jcharlwoodr2,jcharlwoodr2@amazonaws.com,sHCEyf4
Royal,Chaimson,rchaimsonr3,rchaimsonr3@nature.com,BykiE8Xyl6q
Melisande,Kobierzycki,mkobierzyckir4,mkobierzyckir4@howstuffworks.com,oCIMwQXKc
Mandel,Roch,mrochr5,mrochr5@hao123.com,fsXx3RO
Roseanna,Bingell,rbingellr6,rbingellr6@uol.com.br,A8truj
Krissy,Tabbitt,ktabbittr7,ktabbittr7@xing.com,Byxma9
Arline,Diack,adiackr8,adiackr8@jiathis.com,lzL1onsK
Modestia,Howsden,mhowsdenr9,mhowsdenr9@prnewswire.com,vmA5SZ3
Dewain,Priel,dprielra,dprielra@fastcompany.com,Mr6zzg
Willyt,Welband,wwelbandrb,wwelbandrb@nhs.uk,7EnD3QCkrY
Chevalier,Ewing,cewingrc,cewingrc@theguardian.com,fzP46r2jO7tS
Thomas,Guiso,tguisord,tguisord@seattletimes.com,HHx1qIEVSVF
Vivyan,Sweeney,vsweeneyre,vsweeneyre@unicef.org,qUloavu8N
Celina,Harkess,charkessrf,charkessrf@privacy.gov.au,TnSTk6j
Odell,Mosson,omossonrg,omossonrg@google.fr,m7ZBQ4wdqx
Cherise,Longhorne,clonghornerh,clonghornerh@bizjournals.com,1uJcCHd
Kevin,Ugoni,kugoniri,kugoniri@surveymonkey.com,vRiJa8k
Donetta,Doerffer,ddoerfferrj,ddoerfferrj@newsvine.com,UU9NEYWumPto
Dinny,Kemshell,dkemshellrk,dkemshellrk@mediafire.com,GwRLVKkr3a
Esme,Ivanchin,eivanchinrl,eivanchinrl@yellowbook.com,mqjXheB9t
Daveta,Willimott,dwillimottrm,dwillimottrm@dailymotion.com,N3X2Iq3WcEtW
Dunstan,Westberg,dwestbergrn,dwestbergrn@ucoz.com,2E7CtdcZFDt
Dannie,Davson,ddavsonro,ddavsonro@cisco.com,nVnCnPyLh5
Bartlett,Precious,bpreciousrp,bpreciousrp@i2i.jp,82ASmFmcqm
Borg,Cummins,bcumminsrq,bcumminsrq@yahoo.com,UW7L4tfqMn
Lucinda,Laflin,llaflinrr,llaflinrr@hibu.com,nkroSGCFaeA8

